<?xml version="1.0" encoding="UTF-8"?>
<project-private xmlns="http://www.netbeans.org/ns/project-private/1">
    <editor-bookmarks xmlns="http://www.netbeans.org/ns/editor-bookmarks/2" lastBookmarkId="0"/>
    <open-files xmlns="http://www.netbeans.org/ns/projectui-open-files/2">
        <group>
            <file>file:/D:/andreisui/Documents/NetBeansProjects/ClothesProject/ClothesProject-war/src/java/controllers/startController.java</file>
            <file>file:/D:/andreisui/Documents/NetBeansProjects/ClothesProject/ClothesProject-war/web/WEB-INF/web.xml</file>
            <file>file:/D:/andreisui/Documents/NetBeansProjects/ClothesProject/ClothesProject-war/src/java/controllers/TestConnection.java</file>
        </group>
    </open-files>
</project-private>
